{"count":{"cilindrada":2280.0,"EURO V":2280.0,"EURO VI":2280.0,"TIER 3 B50":2280.0,"TIER 2 B5":2280.0,"TIER 2 B4":2280.0,"TIER 3 B70":2280.0,"TIER 2 B6":2280.0,"TIER 2 B8":2280.0,"Tier 3 B125":2280.0,"TIER 3 B125":2280.0,"TIER 3 B30":2280.0,"Hatch Back":2280.0,"Sed\u00e1n":2280.0,"Station Wagon":2280.0,"Cabriolet":2280.0,"Coup\u00e9":2280.0,"Convertible":2280.0,"Furg\u00f3n":2280.0,"Jeep":2280.0,"Limusina":2280.0,"Roadster":2280.0,"Camioneta":2280.0,"Minivan":2280.0,"Furg\u00f3n Cerrado":2280.0,"Minibus":2280.0,"Microvan":2280.0,"4x2":2280.0,"4x4":2280.0,"M":2280.0,"A":2280.0},"mean":{"cilindrada":2.2942982456,"EURO V":0.6894736842,"EURO VI":0.2456140351,"TIER 3 B50":0.000877193,"TIER 2 B5":0.026754386,"TIER 2 B4":0.0144736842,"TIER 3 B70":0.0166666667,"TIER 2 B6":0.0004385965,"TIER 2 B8":0.0004385965,"Tier 3 B125":0.0004385965,"TIER 3 B125":0.0030701754,"TIER 3 B30":0.001754386,"Hatch Back":0.2004385965,"Sed\u00e1n":0.2179824561,"Station Wagon":0.3548245614,"Cabriolet":0.0548245614,"Coup\u00e9":0.0785087719,"Convertible":0.0057017544,"Furg\u00f3n":0.0087719298,"Jeep":0.0052631579,"Limusina":0.000877193,"Roadster":0.0004385965,"Camioneta":0.0644736842,"Minivan":0.0030701754,"Furg\u00f3n Cerrado":0.0013157895,"Minibus":0.0030701754,"Microvan":0.0004385965,"4x2":0.7236842105,"4x4":0.2763157895,"M":0.3377192982,"A":0.6622807018},"std":{"cilindrada":1.1276854015,"EURO V":0.4628106174,"EURO VI":0.4305450999,"TIER 3 B50":0.0296109453,"TIER 2 B5":0.161400168,"TIER 2 B4":0.1194590124,"TIER 3 B70":0.1280471794,"TIER 2 B6":0.0209426954,"TIER 2 B8":0.0209426954,"Tier 3 B125":0.0209426954,"TIER 3 B125":0.055336177,"TIER 3 B30":0.0418578135,"Hatch Back":0.4004163922,"Sed\u00e1n":0.4129659836,"Station Wagon":0.4785650858,"Cabriolet":0.2276874314,"Coup\u00e9":0.2690295317,"Convertible":0.0753109022,"Furg\u00f3n":0.0932673487,"Jeep":0.0723723312,"Limusina":0.0296109453,"Roadster":0.0209426954,"Camioneta":0.245648722,"Minivan":0.055336177,"Furg\u00f3n Cerrado":0.0362578925,"Minibus":0.055336177,"Microvan":0.0209426954,"4x2":0.4472729777,"4x4":0.4472729777,"M":0.4730360616,"A":0.4730360616},"min":{"cilindrada":0.8,"EURO V":0.0,"EURO VI":0.0,"TIER 3 B50":0.0,"TIER 2 B5":0.0,"TIER 2 B4":0.0,"TIER 3 B70":0.0,"TIER 2 B6":0.0,"TIER 2 B8":0.0,"Tier 3 B125":0.0,"TIER 3 B125":0.0,"TIER 3 B30":0.0,"Hatch Back":0.0,"Sed\u00e1n":0.0,"Station Wagon":0.0,"Cabriolet":0.0,"Coup\u00e9":0.0,"Convertible":0.0,"Furg\u00f3n":0.0,"Jeep":0.0,"Limusina":0.0,"Roadster":0.0,"Camioneta":0.0,"Minivan":0.0,"Furg\u00f3n Cerrado":0.0,"Minibus":0.0,"Microvan":0.0,"4x2":0.0,"4x4":0.0,"M":0.0,"A":0.0},"25%":{"cilindrada":1.5,"EURO V":0.0,"EURO VI":0.0,"TIER 3 B50":0.0,"TIER 2 B5":0.0,"TIER 2 B4":0.0,"TIER 3 B70":0.0,"TIER 2 B6":0.0,"TIER 2 B8":0.0,"Tier 3 B125":0.0,"TIER 3 B125":0.0,"TIER 3 B30":0.0,"Hatch Back":0.0,"Sed\u00e1n":0.0,"Station Wagon":0.0,"Cabriolet":0.0,"Coup\u00e9":0.0,"Convertible":0.0,"Furg\u00f3n":0.0,"Jeep":0.0,"Limusina":0.0,"Roadster":0.0,"Camioneta":0.0,"Minivan":0.0,"Furg\u00f3n Cerrado":0.0,"Minibus":0.0,"Microvan":0.0,"4x2":0.0,"4x4":0.0,"M":0.0,"A":0.0},"50%":{"cilindrada":2.0,"EURO V":1.0,"EURO VI":0.0,"TIER 3 B50":0.0,"TIER 2 B5":0.0,"TIER 2 B4":0.0,"TIER 3 B70":0.0,"TIER 2 B6":0.0,"TIER 2 B8":0.0,"Tier 3 B125":0.0,"TIER 3 B125":0.0,"TIER 3 B30":0.0,"Hatch Back":0.0,"Sed\u00e1n":0.0,"Station Wagon":0.0,"Cabriolet":0.0,"Coup\u00e9":0.0,"Convertible":0.0,"Furg\u00f3n":0.0,"Jeep":0.0,"Limusina":0.0,"Roadster":0.0,"Camioneta":0.0,"Minivan":0.0,"Furg\u00f3n Cerrado":0.0,"Minibus":0.0,"Microvan":0.0,"4x2":1.0,"4x4":0.0,"M":0.0,"A":1.0},"75%":{"cilindrada":3.0,"EURO V":1.0,"EURO VI":0.0,"TIER 3 B50":0.0,"TIER 2 B5":0.0,"TIER 2 B4":0.0,"TIER 3 B70":0.0,"TIER 2 B6":0.0,"TIER 2 B8":0.0,"Tier 3 B125":0.0,"TIER 3 B125":0.0,"TIER 3 B30":0.0,"Hatch Back":0.0,"Sed\u00e1n":0.0,"Station Wagon":1.0,"Cabriolet":0.0,"Coup\u00e9":0.0,"Convertible":0.0,"Furg\u00f3n":0.0,"Jeep":0.0,"Limusina":0.0,"Roadster":0.0,"Camioneta":0.0,"Minivan":0.0,"Furg\u00f3n Cerrado":0.0,"Minibus":0.0,"Microvan":0.0,"4x2":1.0,"4x4":1.0,"M":1.0,"A":1.0},"max":{"cilindrada":6.6,"EURO V":1.0,"EURO VI":1.0,"TIER 3 B50":1.0,"TIER 2 B5":1.0,"TIER 2 B4":1.0,"TIER 3 B70":1.0,"TIER 2 B6":1.0,"TIER 2 B8":1.0,"Tier 3 B125":1.0,"TIER 3 B125":1.0,"TIER 3 B30":1.0,"Hatch Back":1.0,"Sed\u00e1n":1.0,"Station Wagon":1.0,"Cabriolet":1.0,"Coup\u00e9":1.0,"Convertible":1.0,"Furg\u00f3n":1.0,"Jeep":1.0,"Limusina":1.0,"Roadster":1.0,"Camioneta":1.0,"Minivan":1.0,"Furg\u00f3n Cerrado":1.0,"Minibus":1.0,"Microvan":1.0,"4x2":1.0,"4x4":1.0,"M":1.0,"A":1.0}}